[{"name":"Adelaide","country_name":"South Africa","state_name":"Eastern Cape","state_code":"EC"},{"name":"Alfred Nzo District Municipality","country_name":"South Africa","state_name":"Eastern Cape","state_code":"EC"},{"name":"Alice","country_name":"South Africa","state_name":"Eastern Cape","state_code":"EC"},{"name":"Aliwal North","country_name":"South Africa","state_name":"Eastern Cape","state_code":"EC"},{"name":"Amathole District Municipality","country_name":"South Africa","state_name":"Eastern Cape","state_code":"EC"},{"name":"Bhisho","country_name":"South Africa","state_name":"Eastern Cape","state_code":"EC"},{"name":"Buffalo City Metropolitan Municipality","country_name":"South Africa","state_name":"Eastern Cape","state_code":"EC"},{"name":"Burgersdorp","country_name":"South Africa","state_name":"Eastern Cape","state_code":"EC"},{"name":"Butterworth","country_name":"South Africa","state_name":"Eastern Cape","state_code":"EC"},{"name":"Cacadu District Municipality","country_name":"South Africa","state_name":"Eastern Cape","state_code":"EC"},{"name":"Chris Hani District Municipality","country_name":"South Africa","state_name":"Eastern Cape","state_code":"EC"},{"name":"Cradock","country_name":"South Africa","state_name":"Eastern Cape","state_code":"EC"},{"name":"Dordrecht","country_name":"South Africa","state_name":"Eastern Cape","state_code":"EC"},{"name":"East London","country_name":"South Africa","state_name":"Eastern Cape","state_code":"EC"},{"name":"Elliot","country_name":"South Africa","state_name":"Eastern Cape","state_code":"EC"},{"name":"Fort Beaufort","country_name":"South Africa","state_name":"Eastern Cape","state_code":"EC"},{"name":"Graaff-Reinet","country_name":"South Africa","state_name":"Eastern Cape","state_code":"EC"},{"name":"Grahamstown","country_name":"South Africa","state_name":"Eastern Cape","state_code":"EC"},{"name":"Ilinge","country_name":"South Africa","state_name":"Eastern Cape","state_code":"EC"},{"name":"Joe Gqabi District Municipality","country_name":"South Africa","state_name":"Eastern Cape","state_code":"EC"},{"name":"Kirkwood","country_name":"South Africa","state_name":"Eastern Cape","state_code":"EC"},{"name":"Kruisfontein","country_name":"South Africa","state_name":"Eastern Cape","state_code":"EC"},{"name":"Lady Frere","country_name":"South Africa","state_name":"Eastern Cape","state_code":"EC"},{"name":"Middelburg","country_name":"South Africa","state_name":"Eastern Cape","state_code":"EC"},{"name":"Molteno","country_name":"South Africa","state_name":"Eastern Cape","state_code":"EC"},{"name":"Mthatha","country_name":"South Africa","state_name":"Eastern Cape","state_code":"EC"},{"name":"Nelson Mandela Bay Metropolitan Municipality","country_name":"South Africa","state_name":"Eastern Cape","state_code":"EC"},{"name":"OR Tambo District Municipality","country_name":"South Africa","state_name":"Eastern Cape","state_code":"EC"},{"name":"Port Alfred","country_name":"South Africa","state_name":"Eastern Cape","state_code":"EC"},{"name":"Port Elizabeth","country_name":"South Africa","state_name":"Eastern Cape","state_code":"EC"},{"name":"Port Saint John’s","country_name":"South Africa","state_name":"Eastern Cape","state_code":"EC"},{"name":"Queensdale","country_name":"South Africa","state_name":"Eastern Cape","state_code":"EC"},{"name":"Queenstown","country_name":"South Africa","state_name":"Eastern Cape","state_code":"EC"},{"name":"Somerset East","country_name":"South Africa","state_name":"Eastern Cape","state_code":"EC"},{"name":"Stutterheim","country_name":"South Africa","state_name":"Eastern Cape","state_code":"EC"},{"name":"Uitenhage","country_name":"South Africa","state_name":"Eastern Cape","state_code":"EC"},{"name":"Whittlesea","country_name":"South Africa","state_name":"Eastern Cape","state_code":"EC"},{"name":"Willowmore","country_name":"South Africa","state_name":"Eastern Cape","state_code":"EC"},{"name":"Allanridge","country_name":"South Africa","state_name":"Free State","state_code":"FS"},{"name":"Bethlehem","country_name":"South Africa","state_name":"Free State","state_code":"FS"},{"name":"Bloemfontein","country_name":"South Africa","state_name":"Free State","state_code":"FS"},{"name":"Bothaville","country_name":"South Africa","state_name":"Free State","state_code":"FS"},{"name":"Botshabelo","country_name":"South Africa","state_name":"Free State","state_code":"FS"},{"name":"Brandfort","country_name":"South Africa","state_name":"Free State","state_code":"FS"},{"name":"Clocolan","country_name":"South Africa","state_name":"Free State","state_code":"FS"},{"name":"Deneysville","country_name":"South Africa","state_name":"Free State","state_code":"FS"},{"name":"Fezile Dabi District Municipality","country_name":"South Africa","state_name":"Free State","state_code":"FS"},{"name":"Frankfort","country_name":"South Africa","state_name":"Free State","state_code":"FS"},{"name":"Harrismith","country_name":"South Africa","state_name":"Free State","state_code":"FS"},{"name":"Heilbron","country_name":"South Africa","state_name":"Free State","state_code":"FS"},{"name":"Hennenman","country_name":"South Africa","state_name":"Free State","state_code":"FS"},{"name":"Hoopstad","country_name":"South Africa","state_name":"Free State","state_code":"FS"},{"name":"Koppies","country_name":"South Africa","state_name":"Free State","state_code":"FS"},{"name":"Kroonstad","country_name":"South Africa","state_name":"Free State","state_code":"FS"},{"name":"Kutloanong","country_name":"South Africa","state_name":"Free State","state_code":"FS"},{"name":"Ladybrand","country_name":"South Africa","state_name":"Free State","state_code":"FS"},{"name":"Lejweleputswa District Municipality","country_name":"South Africa","state_name":"Free State","state_code":"FS"},{"name":"Lindley","country_name":"South Africa","state_name":"Free State","state_code":"FS"},{"name":"Mangaung Metropolitan Municipality","country_name":"South Africa","state_name":"Free State","state_code":"FS"},{"name":"Marquard","country_name":"South Africa","state_name":"Free State","state_code":"FS"},{"name":"Parys","country_name":"South Africa","state_name":"Free State","state_code":"FS"},{"name":"Phuthaditjhaba","country_name":"South Africa","state_name":"Free State","state_code":"FS"},{"name":"Reitz","country_name":"South Africa","state_name":"Free State","state_code":"FS"},{"name":"Sasolburg","country_name":"South Africa","state_name":"Free State","state_code":"FS"},{"name":"Senekal","country_name":"South Africa","state_name":"Free State","state_code":"FS"},{"name":"Thaba Nchu","country_name":"South Africa","state_name":"Free State","state_code":"FS"},{"name":"Thabo Mofutsanyana District Municipality","country_name":"South Africa","state_name":"Free State","state_code":"FS"},{"name":"Theunissen","country_name":"South Africa","state_name":"Free State","state_code":"FS"},{"name":"Ventersburg","country_name":"South Africa","state_name":"Free State","state_code":"FS"},{"name":"Viljoenskroon","country_name":"South Africa","state_name":"Free State","state_code":"FS"},{"name":"Villiers","country_name":"South Africa","state_name":"Free State","state_code":"FS"},{"name":"Virginia","country_name":"South Africa","state_name":"Free State","state_code":"FS"},{"name":"Vrede","country_name":"South Africa","state_name":"Free State","state_code":"FS"},{"name":"Vredefort","country_name":"South Africa","state_name":"Free State","state_code":"FS"},{"name":"Welkom","country_name":"South Africa","state_name":"Free State","state_code":"FS"},{"name":"Wesselsbron","country_name":"South Africa","state_name":"Free State","state_code":"FS"},{"name":"Winburg","country_name":"South Africa","state_name":"Free State","state_code":"FS"},{"name":"Xhariep District Municipality","country_name":"South Africa","state_name":"Free State","state_code":"FS"},{"name":"Zastron","country_name":"South Africa","state_name":"Free State","state_code":"FS"},{"name":"Alberton","country_name":"South Africa","state_name":"Gauteng","state_code":"GP"},{"name":"Benoni","country_name":"South Africa","state_name":"Gauteng","state_code":"GP"},{"name":"Boksburg","country_name":"South Africa","state_name":"Gauteng","state_code":"GP"},{"name":"Brakpan","country_name":"South Africa","state_name":"Gauteng","state_code":"GP"},{"name":"Bronkhorstspruit","country_name":"South Africa","state_name":"Gauteng","state_code":"GP"},{"name":"Carletonville","country_name":"South Africa","state_name":"Gauteng","state_code":"GP"},{"name":"Centurion","country_name":"South Africa","state_name":"Gauteng","state_code":"GP"},{"name":"City of Johannesburg Metropolitan Municipality","country_name":"South Africa","state_name":"Gauteng","state_code":"GP"},{"name":"City of Tshwane Metropolitan Municipality","country_name":"South Africa","state_name":"Gauteng","state_code":"GP"},{"name":"Cullinan","country_name":"South Africa","state_name":"Gauteng","state_code":"GP"},{"name":"Diepsloot","country_name":"South Africa","state_name":"Gauteng","state_code":"GP"},{"name":"Eastleigh","country_name":"South Africa","state_name":"Gauteng","state_code":"GP"},{"name":"Eden Glen","country_name":"South Africa","state_name":"Gauteng","state_code":"GP"},{"name":"Eden Glen Ext 60","country_name":"South Africa","state_name":"Gauteng","state_code":"GP"},{"name":"Edenvale","country_name":"South Africa","state_name":"Gauteng","state_code":"GP"},{"name":"Ekangala","country_name":"South Africa","state_name":"Gauteng","state_code":"GP"},{"name":"Ekurhuleni Metropolitan Municipality","country_name":"South Africa","state_name":"Gauteng","state_code":"GP"},{"name":"Heidelberg","country_name":"South Africa","state_name":"Gauteng","state_code":"GP"},{"name":"Johannesburg","country_name":"South Africa","state_name":"Gauteng","state_code":"GP"},{"name":"Krugersdorp","country_name":"South Africa","state_name":"Gauteng","state_code":"GP"},{"name":"Mabopane","country_name":"South Africa","state_name":"Gauteng","state_code":"GP"},{"name":"Midrand","country_name":"South Africa","state_name":"Gauteng","state_code":"GP"},{"name":"Midstream","country_name":"South Africa","state_name":"Gauteng","state_code":"GP"},{"name":"Modderfontein","country_name":"South Africa","state_name":"Gauteng","state_code":"GP"},{"name":"Muldersdriseloop","country_name":"South Africa","state_name":"Gauteng","state_code":"GP"},{"name":"Nigel","country_name":"South Africa","state_name":"Gauteng","state_code":"GP"},{"name":"Orange Farm","country_name":"South Africa","state_name":"Gauteng","state_code":"GP"},{"name":"Pretoria","country_name":"South Africa","state_name":"Gauteng","state_code":"GP"},{"name":"Randburg","country_name":"South Africa","state_name":"Gauteng","state_code":"GP"},{"name":"Randfontein","country_name":"South Africa","state_name":"Gauteng","state_code":"GP"},{"name":"Roodepoort","country_name":"South Africa","state_name":"Gauteng","state_code":"GP"},{"name":"Sedibeng District Municipality","country_name":"South Africa","state_name":"Gauteng","state_code":"GP"},{"name":"Soweto","country_name":"South Africa","state_name":"Gauteng","state_code":"GP"},{"name":"Springs","country_name":"South Africa","state_name":"Gauteng","state_code":"GP"},{"name":"Tembisa","country_name":"South Africa","state_name":"Gauteng","state_code":"GP"},{"name":"Vanderbijlpark","country_name":"South Africa","state_name":"Gauteng","state_code":"GP"},{"name":"Vereeniging","country_name":"South Africa","state_name":"Gauteng","state_code":"GP"},{"name":"West Rand District Municipality","country_name":"South Africa","state_name":"Gauteng","state_code":"GP"},{"name":"Westonaria","country_name":"South Africa","state_name":"Gauteng","state_code":"GP"},{"name":"Amajuba District Municipality","country_name":"South Africa","state_name":"KwaZulu-Natal","state_code":"KZN"},{"name":"Ballito","country_name":"South Africa","state_name":"KwaZulu-Natal","state_code":"KZN"},{"name":"Berea","country_name":"South Africa","state_name":"KwaZulu-Natal","state_code":"KZN"},{"name":"Dundee","country_name":"South Africa","state_name":"KwaZulu-Natal","state_code":"KZN"},{"name":"Durban","country_name":"South Africa","state_name":"KwaZulu-Natal","state_code":"KZN"},{"name":"Ekuvukeni","country_name":"South Africa","state_name":"KwaZulu-Natal","state_code":"KZN"},{"name":"eMkhomazi","country_name":"South Africa","state_name":"KwaZulu-Natal","state_code":"KZN"},{"name":"Empangeni","country_name":"South Africa","state_name":"KwaZulu-Natal","state_code":"KZN"},{"name":"Eshowe","country_name":"South Africa","state_name":"KwaZulu-Natal","state_code":"KZN"},{"name":"eSikhaleni","country_name":"South Africa","state_name":"KwaZulu-Natal","state_code":"KZN"},{"name":"eThekwini Metropolitan Municipality","country_name":"South Africa","state_name":"KwaZulu-Natal","state_code":"KZN"},{"name":"Glencoe","country_name":"South Africa","state_name":"KwaZulu-Natal","state_code":"KZN"},{"name":"Greytown","country_name":"South Africa","state_name":"KwaZulu-Natal","state_code":"KZN"},{"name":"Hluhluwe","country_name":"South Africa","state_name":"KwaZulu-Natal","state_code":"KZN"},{"name":"Howick","country_name":"South Africa","state_name":"KwaZulu-Natal","state_code":"KZN"},{"name":"iLembe District Municipality","country_name":"South Africa","state_name":"KwaZulu-Natal","state_code":"KZN"},{"name":"Kokstad","country_name":"South Africa","state_name":"KwaZulu-Natal","state_code":"KZN"},{"name":"KwaDukuza","country_name":"South Africa","state_name":"KwaZulu-Natal","state_code":"KZN"},{"name":"Margate","country_name":"South Africa","state_name":"KwaZulu-Natal","state_code":"KZN"},{"name":"Mondlo","country_name":"South Africa","state_name":"KwaZulu-Natal","state_code":"KZN"},{"name":"Mooirivier","country_name":"South Africa","state_name":"KwaZulu-Natal","state_code":"KZN"},{"name":"Mpophomeni","country_name":"South Africa","state_name":"KwaZulu-Natal","state_code":"KZN"},{"name":"Mpumalanga","country_name":"South Africa","state_name":"KwaZulu-Natal","state_code":"KZN"},{"name":"Mtubatuba","country_name":"South Africa","state_name":"KwaZulu-Natal","state_code":"KZN"},{"name":"Ndwedwe","country_name":"South Africa","state_name":"KwaZulu-Natal","state_code":"KZN"},{"name":"Newcastle","country_name":"South Africa","state_name":"KwaZulu-Natal","state_code":"KZN"},{"name":"Pietermaritzburg","country_name":"South Africa","state_name":"KwaZulu-Natal","state_code":"KZN"},{"name":"Port Shepstone","country_name":"South Africa","state_name":"KwaZulu-Natal","state_code":"KZN"},{"name":"Richards Bay","country_name":"South Africa","state_name":"KwaZulu-Natal","state_code":"KZN"},{"name":"Richmond","country_name":"South Africa","state_name":"KwaZulu-Natal","state_code":"KZN"},{"name":"Scottburgh","country_name":"South Africa","state_name":"KwaZulu-Natal","state_code":"KZN"},{"name":"Sisonke District Municipality","country_name":"South Africa","state_name":"KwaZulu-Natal","state_code":"KZN"},{"name":"Sundumbili","country_name":"South Africa","state_name":"KwaZulu-Natal","state_code":"KZN"},{"name":"Ugu District Municipality","country_name":"South Africa","state_name":"KwaZulu-Natal","state_code":"KZN"},{"name":"Ulundi","country_name":"South Africa","state_name":"KwaZulu-Natal","state_code":"KZN"},{"name":"uMgungundlovu District Municipality","country_name":"South Africa","state_name":"KwaZulu-Natal","state_code":"KZN"},{"name":"uMkhanyakude District Municipality","country_name":"South Africa","state_name":"KwaZulu-Natal","state_code":"KZN"},{"name":"uMzinyathi District Municipality","country_name":"South Africa","state_name":"KwaZulu-Natal","state_code":"KZN"},{"name":"uThukela District Municipality","country_name":"South Africa","state_name":"KwaZulu-Natal","state_code":"KZN"},{"name":"uThungulu District Municipality","country_name":"South Africa","state_name":"KwaZulu-Natal","state_code":"KZN"},{"name":"Utrecht","country_name":"South Africa","state_name":"KwaZulu-Natal","state_code":"KZN"},{"name":"Vryheid","country_name":"South Africa","state_name":"KwaZulu-Natal","state_code":"KZN"},{"name":"Zululand District Municipality","country_name":"South Africa","state_name":"KwaZulu-Natal","state_code":"KZN"},{"name":"Bochum","country_name":"South Africa","state_name":"Limpopo","state_code":"LP"},{"name":"Capricorn District Municipality","country_name":"South Africa","state_name":"Limpopo","state_code":"LP"},{"name":"Duiwelskloof","country_name":"South Africa","state_name":"Limpopo","state_code":"LP"},{"name":"Ga-Kgapane","country_name":"South Africa","state_name":"Limpopo","state_code":"LP"},{"name":"Giyani","country_name":"South Africa","state_name":"Limpopo","state_code":"LP"},{"name":"Lebowakgomo","country_name":"South Africa","state_name":"Limpopo","state_code":"LP"},{"name":"Louis Trichardt","country_name":"South Africa","state_name":"Limpopo","state_code":"LP"},{"name":"Mankoeng","country_name":"South Africa","state_name":"Limpopo","state_code":"LP"},{"name":"Modimolle","country_name":"South Africa","state_name":"Limpopo","state_code":"LP"},{"name":"Mokopane","country_name":"South Africa","state_name":"Limpopo","state_code":"LP"},{"name":"Mopani District Municipality","country_name":"South Africa","state_name":"Limpopo","state_code":"LP"},{"name":"Musina","country_name":"South Africa","state_name":"Limpopo","state_code":"LP"},{"name":"Nkowakowa","country_name":"South Africa","state_name":"Limpopo","state_code":"LP"},{"name":"Phalaborwa","country_name":"South Africa","state_name":"Limpopo","state_code":"LP"},{"name":"Polokwane","country_name":"South Africa","state_name":"Limpopo","state_code":"LP"},{"name":"Sekhukhune District Municipality","country_name":"South Africa","state_name":"Limpopo","state_code":"LP"},{"name":"Thabazimbi","country_name":"South Africa","state_name":"Limpopo","state_code":"LP"},{"name":"Thohoyandou","country_name":"South Africa","state_name":"Limpopo","state_code":"LP"},{"name":"Thulamahashi","country_name":"South Africa","state_name":"Limpopo","state_code":"LP"},{"name":"Tzaneen","country_name":"South Africa","state_name":"Limpopo","state_code":"LP"},{"name":"Vhembe District Municipality","country_name":"South Africa","state_name":"Limpopo","state_code":"LP"},{"name":"Warmbaths","country_name":"South Africa","state_name":"Limpopo","state_code":"LP"},{"name":"Waterberg District Municipality","country_name":"South Africa","state_name":"Limpopo","state_code":"LP"},{"name":"Balfour","country_name":"South Africa","state_name":"Mpumalanga","state_code":"MP"},{"name":"Barberton","country_name":"South Africa","state_name":"Mpumalanga","state_code":"MP"},{"name":"Belfast","country_name":"South Africa","state_name":"Mpumalanga","state_code":"MP"},{"name":"Bethal","country_name":"South Africa","state_name":"Mpumalanga","state_code":"MP"},{"name":"Breyten","country_name":"South Africa","state_name":"Mpumalanga","state_code":"MP"},{"name":"Carolina","country_name":"South Africa","state_name":"Mpumalanga","state_code":"MP"},{"name":"Delmas","country_name":"South Africa","state_name":"Mpumalanga","state_code":"MP"},{"name":"Driefontein","country_name":"South Africa","state_name":"Mpumalanga","state_code":"MP"},{"name":"Ehlanzeni District","country_name":"South Africa","state_name":"Mpumalanga","state_code":"MP"},{"name":"eMbalenhle","country_name":"South Africa","state_name":"Mpumalanga","state_code":"MP"},{"name":"Ermelo","country_name":"South Africa","state_name":"Mpumalanga","state_code":"MP"},{"name":"Gert Sibande District Municipality","country_name":"South Africa","state_name":"Mpumalanga","state_code":"MP"},{"name":"Hendrina","country_name":"South Africa","state_name":"Mpumalanga","state_code":"MP"},{"name":"Komatipoort","country_name":"South Africa","state_name":"Mpumalanga","state_code":"MP"},{"name":"Kriel","country_name":"South Africa","state_name":"Mpumalanga","state_code":"MP"},{"name":"Lydenburg","country_name":"South Africa","state_name":"Mpumalanga","state_code":"MP"},{"name":"Middelburg","country_name":"South Africa","state_name":"Mpumalanga","state_code":"MP"},{"name":"Nelspruit","country_name":"South Africa","state_name":"Mpumalanga","state_code":"MP"},{"name":"Nkangala District Municipality","country_name":"South Africa","state_name":"Mpumalanga","state_code":"MP"},{"name":"Piet Retief","country_name":"South Africa","state_name":"Mpumalanga","state_code":"MP"},{"name":"Secunda","country_name":"South Africa","state_name":"Mpumalanga","state_code":"MP"},{"name":"Siyabuswa","country_name":"South Africa","state_name":"Mpumalanga","state_code":"MP"},{"name":"Standerton","country_name":"South Africa","state_name":"Mpumalanga","state_code":"MP"},{"name":"Volksrust","country_name":"South Africa","state_name":"Mpumalanga","state_code":"MP"},{"name":"White River","country_name":"South Africa","state_name":"Mpumalanga","state_code":"MP"},{"name":"Witbank","country_name":"South Africa","state_name":"Mpumalanga","state_code":"MP"},{"name":"Bloemhof","country_name":"South Africa","state_name":"North West","state_code":"NW"},{"name":"Bojanala Platinum District Municipality","country_name":"South Africa","state_name":"North West","state_code":"NW"},{"name":"Brits","country_name":"South Africa","state_name":"North West","state_code":"NW"},{"name":"Christiana","country_name":"South Africa","state_name":"North West","state_code":"NW"},{"name":"Dr Kenneth Kaunda District Municipality","country_name":"South Africa","state_name":"North West","state_code":"NW"},{"name":"Dr Ruth Segomotsi Mompati District Municipality","country_name":"South Africa","state_name":"North West","state_code":"NW"},{"name":"Fochville","country_name":"South Africa","state_name":"North West","state_code":"NW"},{"name":"Ga-Rankuwa","country_name":"South Africa","state_name":"North West","state_code":"NW"},{"name":"Jan Kempdorp","country_name":"South Africa","state_name":"North West","state_code":"NW"},{"name":"Klerksdorp","country_name":"South Africa","state_name":"North West","state_code":"NW"},{"name":"Koster","country_name":"South Africa","state_name":"North West","state_code":"NW"},{"name":"Lichtenburg","country_name":"South Africa","state_name":"North West","state_code":"NW"},{"name":"Mahikeng","country_name":"South Africa","state_name":"North West","state_code":"NW"},{"name":"Maile","country_name":"South Africa","state_name":"North West","state_code":"NW"},{"name":"Mmabatho","country_name":"South Africa","state_name":"North West","state_code":"NW"},{"name":"Ngaka Modiri Molema District Municipality","country_name":"South Africa","state_name":"North West","state_code":"NW"},{"name":"Orkney","country_name":"South Africa","state_name":"North West","state_code":"NW"},{"name":"Potchefstroom","country_name":"South Africa","state_name":"North West","state_code":"NW"},{"name":"Rustenburg","country_name":"South Africa","state_name":"North West","state_code":"NW"},{"name":"Schweizer-Reneke","country_name":"South Africa","state_name":"North West","state_code":"NW"},{"name":"Stilfontein","country_name":"South Africa","state_name":"North West","state_code":"NW"},{"name":"Vryburg","country_name":"South Africa","state_name":"North West","state_code":"NW"},{"name":"Wolmaransstad","country_name":"South Africa","state_name":"North West","state_code":"NW"},{"name":"Zeerust","country_name":"South Africa","state_name":"North West","state_code":"NW"},{"name":"Barkly West","country_name":"South Africa","state_name":"Northern Cape","state_code":"NC"},{"name":"Brandvlei","country_name":"South Africa","state_name":"Northern Cape","state_code":"NC"},{"name":"Calvinia","country_name":"South Africa","state_name":"Northern Cape","state_code":"NC"},{"name":"Carnarvon","country_name":"South Africa","state_name":"Northern Cape","state_code":"NC"},{"name":"Colesberg","country_name":"South Africa","state_name":"Northern Cape","state_code":"NC"},{"name":"Daniëlskuil","country_name":"South Africa","state_name":"Northern Cape","state_code":"NC"},{"name":"De Aar","country_name":"South Africa","state_name":"Northern Cape","state_code":"NC"},{"name":"Frances Baard District Municipality","country_name":"South Africa","state_name":"Northern Cape","state_code":"NC"},{"name":"Fraserburg","country_name":"South Africa","state_name":"Northern Cape","state_code":"NC"},{"name":"John Taolo Gaetsewe District Municipality","country_name":"South Africa","state_name":"Northern Cape","state_code":"NC"},{"name":"Kathu","country_name":"South Africa","state_name":"Northern Cape","state_code":"NC"},{"name":"Kenhardt","country_name":"South Africa","state_name":"Northern Cape","state_code":"NC"},{"name":"Kimberley","country_name":"South Africa","state_name":"Northern Cape","state_code":"NC"},{"name":"Kuruman","country_name":"South Africa","state_name":"Northern Cape","state_code":"NC"},{"name":"Namakwa District Municipality","country_name":"South Africa","state_name":"Northern Cape","state_code":"NC"},{"name":"Noupoort","country_name":"South Africa","state_name":"Northern Cape","state_code":"NC"},{"name":"Orania","country_name":"South Africa","state_name":"Northern Cape","state_code":"NC"},{"name":"Pampierstad","country_name":"South Africa","state_name":"Northern Cape","state_code":"NC"},{"name":"Pixley ka Seme District Municipality","country_name":"South Africa","state_name":"Northern Cape","state_code":"NC"},{"name":"Pofadder","country_name":"South Africa","state_name":"Northern Cape","state_code":"NC"},{"name":"Postmasburg","country_name":"South Africa","state_name":"Northern Cape","state_code":"NC"},{"name":"Prieska","country_name":"South Africa","state_name":"Northern Cape","state_code":"NC"},{"name":"Ritchie","country_name":"South Africa","state_name":"Northern Cape","state_code":"NC"},{"name":"Siyanda District Municipality","country_name":"South Africa","state_name":"Northern Cape","state_code":"NC"},{"name":"Springbok","country_name":"South Africa","state_name":"Northern Cape","state_code":"NC"},{"name":"Upington","country_name":"South Africa","state_name":"Northern Cape","state_code":"NC"},{"name":"Van Wyksvlei","country_name":"South Africa","state_name":"Northern Cape","state_code":"NC"},{"name":"Warrenton","country_name":"South Africa","state_name":"Northern Cape","state_code":"NC"},{"name":"Albertina","country_name":"South Africa","state_name":"Western Cape","state_code":"WC"},{"name":"Arniston","country_name":"South Africa","state_name":"Western Cape","state_code":"WC"},{"name":"Atlantis","country_name":"South Africa","state_name":"Western Cape","state_code":"WC"},{"name":"Beaufort West","country_name":"South Africa","state_name":"Western Cape","state_code":"WC"},{"name":"Bergvliet","country_name":"South Africa","state_name":"Western Cape","state_code":"WC"},{"name":"Bredasdorp","country_name":"South Africa","state_name":"Western Cape","state_code":"WC"},{"name":"Caledon","country_name":"South Africa","state_name":"Western Cape","state_code":"WC"},{"name":"Calitzdorp","country_name":"South Africa","state_name":"Western Cape","state_code":"WC"},{"name":"Cape Town","country_name":"South Africa","state_name":"Western Cape","state_code":"WC"},{"name":"Cape Winelands District Municipality","country_name":"South Africa","state_name":"Western Cape","state_code":"WC"},{"name":"Central Karoo District Municipality","country_name":"South Africa","state_name":"Western Cape","state_code":"WC"},{"name":"Ceres","country_name":"South Africa","state_name":"Western Cape","state_code":"WC"},{"name":"City of Cape Town","country_name":"South Africa","state_name":"Western Cape","state_code":"WC"},{"name":"Clanwilliam","country_name":"South Africa","state_name":"Western Cape","state_code":"WC"},{"name":"Claremont","country_name":"South Africa","state_name":"Western Cape","state_code":"WC"},{"name":"Constantia","country_name":"South Africa","state_name":"Western Cape","state_code":"WC"},{"name":"De Rust","country_name":"South Africa","state_name":"Western Cape","state_code":"WC"},{"name":"Eden District Municipality","country_name":"South Africa","state_name":"Western Cape","state_code":"WC"},{"name":"George","country_name":"South Africa","state_name":"Western Cape","state_code":"WC"},{"name":"Grabouw","country_name":"South Africa","state_name":"Western Cape","state_code":"WC"},{"name":"Hardys Memories of Africa","country_name":"South Africa","state_name":"Western Cape","state_code":"WC"},{"name":"Hermanus","country_name":"South Africa","state_name":"Western Cape","state_code":"WC"},{"name":"Knysna","country_name":"South Africa","state_name":"Western Cape","state_code":"WC"},{"name":"Kraaifontein","country_name":"South Africa","state_name":"Western Cape","state_code":"WC"},{"name":"Ladismith","country_name":"South Africa","state_name":"Western Cape","state_code":"WC"},{"name":"Lansdowne","country_name":"South Africa","state_name":"Western Cape","state_code":"WC"},{"name":"Malmesbury","country_name":"South Africa","state_name":"Western Cape","state_code":"WC"},{"name":"Montagu","country_name":"South Africa","state_name":"Western Cape","state_code":"WC"},{"name":"Moorreesburg","country_name":"South Africa","state_name":"Western Cape","state_code":"WC"},{"name":"Mossel Bay","country_name":"South Africa","state_name":"Western Cape","state_code":"WC"},{"name":"Newlands","country_name":"South Africa","state_name":"Western Cape","state_code":"WC"},{"name":"Oudtshoorn","country_name":"South Africa","state_name":"Western Cape","state_code":"WC"},{"name":"Overberg District Municipality","country_name":"South Africa","state_name":"Western Cape","state_code":"WC"},{"name":"Paarl","country_name":"South Africa","state_name":"Western Cape","state_code":"WC"},{"name":"Piketberg","country_name":"South Africa","state_name":"Western Cape","state_code":"WC"},{"name":"Plettenberg Bay","country_name":"South Africa","state_name":"Western Cape","state_code":"WC"},{"name":"Prince Albert","country_name":"South Africa","state_name":"Western Cape","state_code":"WC"},{"name":"Retreat","country_name":"South Africa","state_name":"Western Cape","state_code":"WC"},{"name":"Riversdale","country_name":"South Africa","state_name":"Western Cape","state_code":"WC"},{"name":"Robertson","country_name":"South Africa","state_name":"Western Cape","state_code":"WC"},{"name":"Rondebosch","country_name":"South Africa","state_name":"Western Cape","state_code":"WC"},{"name":"Rosebank","country_name":"South Africa","state_name":"Western Cape","state_code":"WC"},{"name":"Saldanha","country_name":"South Africa","state_name":"Western Cape","state_code":"WC"},{"name":"Stellenbosch","country_name":"South Africa","state_name":"Western Cape","state_code":"WC"},{"name":"Sunset Beach","country_name":"South Africa","state_name":"Western Cape","state_code":"WC"},{"name":"Swellendam","country_name":"South Africa","state_name":"Western Cape","state_code":"WC"},{"name":"Vredenburg","country_name":"South Africa","state_name":"Western Cape","state_code":"WC"},{"name":"Vredendal","country_name":"South Africa","state_name":"Western Cape","state_code":"WC"},{"name":"Wellington","country_name":"South Africa","state_name":"Western Cape","state_code":"WC"},{"name":"West Coast District Municipality","country_name":"South Africa","state_name":"Western Cape","state_code":"WC"},{"name":"Worcester","country_name":"South Africa","state_name":"Western Cape","state_code":"WC"},{"name":"Zoar","country_name":"South Africa","state_name":"Western Cape","state_code":"WC"}]